rundate,this_period,last_period,airport_cluster,rpt_apt_grp_cd,rpt_apt_grp_name,rpt_apt_name,total_pax_tp,total_pax_lp,total_pax_pc,term_pax_tp,term_pax_lp,term_pax_pc,tran_pax_tp,tran_pax_lp,tran_pax_pc
17/03/2016 11:40,2015,2014,1,1,London Area Airports,GATWICK,40269087,38103667,5.682970047,40260068,38093930,5.68630743,9019,9737,-7.373934269
17/03/2016 11:40,2015,2014,1,1,London Area Airports,HEATHROW,74985748,73405330,2.153001785,74953981,73371096,2.15736866,31767,34234,-7.206285954
17/03/2016 11:40,2015,2014,1,1,London Area Airports,LONDON CITY,4319301,3647824,18.40760422,4319301,3647824,18.40760422,0,0,
17/03/2016 11:40,2015,2014,1,1,London Area Airports,LUTON,12263505,10484938,16.9630661,12262581,10481501,16.99260521,924,3437,-73.11608887
17/03/2016 11:40,2015,2014,1,1,London Area Airports,SOUTHEND,900648,1102358,-18.29804802,900634,1102260,-18.29205513,14,98,-85.7142868
17/03/2016 11:40,2015,2014,1,1,London Area Airports,STANSTED,22519178,19965093,12.79275322,22513443,19958047,12.80383778,5735,7046,-18.60630226
17/03/2016 11:40,2015,2014,1,3,Other UK Airports,ABERDEEN,3469525,3723662,-6.824921131,3469328,3723411,-6.823931217,197,251,-21.51394463
17/03/2016 11:40,2015,2014,1,3,Other UK Airports,BARRA,10658,10521,1.30215764,10658,10521,1.30215764,0,0,
17/03/2016 11:40,2015,2014,1,3,Other UK Airports,BELFAST CITY (GEORGE BEST),2692713,2555145,5.383960724,2692713,2555111,5.385363102,0,34,
17/03/2016 11:40,2015,2014,1,3,Other UK Airports,BELFAST INTERNATIONAL,4391292,4033954,8.85825634,4389861,4031685,8.884027481,1431,2269,-36.9325676
17/03/2016 11:40,2015,2014,1,3,Other UK Airports,BENBECULA,32146,31213,2.98913908,32125,31190,2.997755766,21,23,-8.695652008
17/03/2016 11:40,2015,2014,1,3,Other UK Airports,BIGGIN HILL,644,497,29.57746506,644,497,29.57746506,0,0,
17/03/2016 11:40,2015,2014,1,3,Other UK Airports,BIRMINGHAM,10187122,9705955,4.957440853,10180059,9698488,4.965423584,7063,7467,-5.41047287
17/03/2016 11:40,2015,2014,1,3,Other UK Airports,BLACKPOOL,33494,223998,-85.04718781,33494,223998,-85.04718781,0,0,
17/03/2016 11:40,2015,2014,1,3,Other UK Airports,BOURNEMOUTH,706776,661584,6.830878735,705433,660374,6.823254585,1343,1210,10.99173546
17/03/2016 11:40,2015,2014,1,3,Other UK Airports,BRISTOL,6786790,6339805,7.050453663,6781195,6333058,7.076155186,5595,6747,-17.07425499
17/03/2016 11:40,2015,2014,1,3,Other UK Airports,CAMBRIDGE,5799,20663,-71.93534088,5799,20663,-71.93534088,0,0,
17/03/2016 11:40,2015,2014,1,3,Other UK Airports,CAMPBELTOWN,8511,9365,-9.119060516,8288,9331,-11.17779446,223,34,555.8823242
17/03/2016 11:40,2015,2014,1,3,Other UK Airports,CARDIFF WALES,1160506,1023932,13.33819008,1158383,1019545,13.61764336,2123,4387,-51.60702133
17/03/2016 11:40,2015,2014,1,3,Other UK Airports,CITY OF DERRY (EGLINTON),284485,350257,-18.77821159,284482,350257,-18.77906799,3,0,
17/03/2016 11:40,2015,2014,1,3,Other UK Airports,DONCASTER SHEFFIELD,857109,724885,18.24068642,856592,724252,18.27264595,517,633,-18.32543373
17/03/2016 11:40,2015,2014,1,3,Other UK Airports,DUNDEE,21973,22069,-0.434999317,21942,22069,-0.575467825,31,0,
17/03/2016 11:40,2015,2014,1,3,Other UK Airports,DURHAM TEES VALLEY,140902,142379,-1.037372112,140373,142274,-1.336154222,529,105,403.8095093
17/03/2016 11:40,2015,2014,1,3,Other UK Airports,EAST MIDLANDS INTERNATIONAL,4450862,4510544,-1.32316637,4446219,4506791,-1.344016194,4643,3753,23.71436119
17/03/2016 11:40,2015,2014,1,3,Other UK Airports,EDINBURGH,11114587,10160004,9.395498276,11113386,10158906,9.395500183,1201,1098,9.380692482
17/03/2016 11:40,2015,2014,1,3,Other UK Airports,EXETER,821789,767404,7.08687973,821165,766572,7.121705532,624,832,-25
17/03/2016 11:40,2015,2014,1,3,Other UK Airports,GLASGOW,8714307,7715988,12.9383173,8709531,7708867,12.9806881,4776,7121,-32.93076706
17/03/2016 11:40,2015,2014,1,3,Other UK Airports,GLOUCESTERSHIRE,12267,15172,-19.1471138,12253,15141,-19.07403755,14,31,-54.83871078
17/03/2016 11:40,2015,2014,1,3,Other UK Airports,HUMBERSIDE,222107,239173,-7.135420799,221190,237329,-6.800264835,917,1844,-50.27114868
17/03/2016 11:40,2015,2014,1,3,Other UK Airports,INVERNESS,669364,612725,9.243787766,667560,611150,9.230139732,1804,1575,14.53968239
17/03/2016 11:40,2015,2014,1,3,Other UK Airports,ISLAY,29346,27659,6.099280357,28993,27412,5.767547131,353,247,42.91497803
17/03/2016 11:40,2015,2014,1,3,Other UK Airports,ISLES OF SCILLY (ST.MARYS),94718,90944,4.149806499,94718,90944,4.149806499,0,0,
17/03/2016 11:40,2015,2014,1,3,Other UK Airports,KIRKWALL,160234,161347,-0.689817607,149524,150877,-0.896756947,10710,10470,2.292263508
17/03/2016 11:40,2015,2014,1,3,Other UK Airports,LANDS END (ST JUST),54169,44475,21.79651451,53704,44284,21.27179146,465,191,143.4554901
17/03/2016 11:40,2015,2014,1,3,Other UK Airports,LEEDS BRADFORD,3455445,3274474,5.52671957,3445291,3263247,5.578615189,10154,11227,-9.55731678
17/03/2016 11:40,2015,2014,1,3,Other UK Airports,LERWICK (TINGWALL),4267,3739,14.12142277,4175,3591,16.26288033,92,148,-37.83783722
17/03/2016 11:40,2015,2014,1,3,Other UK Airports,LIVERPOOL (JOHN LENNON),4301495,3986654,7.89737463,4295763,3984023,7.824754238,5732,2631,117.8639297
17/03/2016 11:40,2015,2014,1,3,Other UK Airports,LYDD,1134,1227,-7.579462051,1134,1227,-7.579462051,0,0,
17/03/2016 11:40,2015,2014,1,3,Other UK Airports,MANCHESTER,23136047,21989682,5.213194847,23094593,21950223,5.213477612,41454,39459,5.055881023
17/03/2016 11:40,2015,2014,1,3,Other UK Airports,MANSTON (KENT INT),0,12508,,0,12385,,0,123,
17/03/2016 11:40,2015,2014,1,3,Other UK Airports,NEWCASTLE,4562853,4516739,1.020957828,4559848,4512976,1.038605094,3005,3763,-20.14350319
17/03/2016 11:40,2015,2014,1,3,Other UK Airports,NEWQUAY,251987,221047,13.99702358,250278,219167,14.19511127,1709,1880,-9.095745087
17/03/2016 11:40,2015,2014,1,3,Other UK Airports,NORWICH,459664,458968,0.151644558,459664,458931,0.159719005,0,37,
17/03/2016 11:40,2015,2014,1,3,Other UK Airports,OXFORD (KIDLINGTON),166,1194,-86.09715271,166,1194,-86.09715271,0,0,
17/03/2016 11:40,2015,2014,1,3,Other UK Airports,PRESTWICK,610837,913685,-33.14577866,609589,912399,-33.1883316,1248,1286,-2.954898834
17/03/2016 11:40,2015,2014,1,3,Other UK Airports,SCATSTA,253526,279799,-9.389954567,253526,279799,-9.389954567,0,0,
17/03/2016 11:40,2015,2014,1,3,Other UK Airports,SHOREHAM,490,452,8.407079697,490,452,8.407079697,0,0,
17/03/2016 11:40,2015,2014,1,3,Other UK Airports,SOUTHAMPTON,1789470,1831700,-2.305508614,1775638,1829575,-2.948061705,13832,2125,550.9176636
17/03/2016 11:40,2015,2014,1,3,Other UK Airports,STORNOWAY,127282,129481,-1.69831872,124984,127237,-1.770711303,2298,2244,2.406417131
17/03/2016 11:40,2015,2014,1,3,Other UK Airports,SUMBURGH,271994,264521,2.825106621,270126,262626,2.855772018,1868,1895,-1.424802065
17/03/2016 11:40,2015,2014,1,3,Other UK Airports,TIREE,9856,9322,5.728384495,9564,9026,5.960558414,292,296,-1.35135138
17/03/2016 11:40,2015,2014,1,3,Other UK Airports,WICK JOHN O GROATS,25484,28145,-9.454609871,24152,27633,-12.59725666,1332,512,160.15625
17/03/2016 11:40,2015,2014,2,4,Non UK Reporting Airports,ALDERNEY,59843,61317,-2.4039011,59843,61317,-2.4039011,0,0,
17/03/2016 11:40,2015,2014,2,4,Non UK Reporting Airports,GUERNSEY,891616,894602,-0.333779722,857775,860213,-0.283418179,33841,34389,-1.593532801
17/03/2016 11:40,2015,2014,2,4,Non UK Reporting Airports,ISLE OF MAN,781601,729703,7.112208843,780857,728591,7.173572063,744,1112,-33.09352493
17/03/2016 11:40,2015,2014,2,4,Non UK Reporting Airports,JERSEY,1554390,1495707,3.923428774,1532492,1474279,3.948574066,21898,21428,2.1933918

1/29/2018 3:53:15 PM,2016,2015,1,1,London Area Airports,GATWICK,43119628,40269087,7.078732627,43114888,40260068,7.090946791,4740,9019,-47.444284289
1/29/2018 3:53:15 PM,2016,2015,1,1,London Area Airports,HEATHROW,75711130,74985475,0.967727417,75671863,74953708,0.958131384,39267,31767,23.609405987
1/29/2018 3:53:15 PM,2016,2015,1,1,London Area Airports,LONDON CITY,4538813,4319301,5.082118611,4538735,4319301,5.080312764,78,0,
1/29/2018 3:53:15 PM,2016,2015,1,1,London Area Airports,LUTON,14645619,12263505,19.424414146,14642282,12262581,19.406200049,3337,924,261.147186147
1/29/2018 3:53:15 PM,2016,2015,1,1,London Area Airports,SOUTHEND,874549,900648,-2.897802471,874411,900634,-2.911615595,138,14,885.714285714
1/29/2018 3:53:15 PM,2016,2015,1,1,London Area Airports,STANSTED,24320071,22519178,7.997152472,24318395,22513443,8.017218868,1676,5735,-70.775937228
1/29/2018 3:53:15 PM,2016,2015,1,3,Other UK Airports,ABERDEEN,2955338,3469525,-14.820097852,2955325,3469328,-14.815635766,13,197,-93.401015228
1/29/2018 3:53:15 PM,2016,2015,1,3,Other UK Airports,BARRA,12820,10658,20.285231751,12808,10658,20.172640270,12,0,
1/29/2018 3:53:15 PM,2016,2015,1,3,Other UK Airports,BELFAST CITY (GEORGE BEST),2665139,2692713,-1.024022984,2665139,2692713,-1.024022984,0,0,
1/29/2018 3:53:15 PM,2016,2015,1,3,Other UK Airports,BELFAST INTERNATIONAL,5147546,4391292,17.221674168,5147399,4389861,17.256537280,147,1431,-89.727463312
1/29/2018 3:53:15 PM,2016,2015,1,3,Other UK Airports,BENBECULA,32467,32146,0.998569029,32439,32125,0.977431907,28,21,33.333333333
1/29/2018 3:53:15 PM,2016,2015,1,3,Other UK Airports,BIGGIN HILL,627,644,-2.639751553,627,644,-2.639751553,0,0,
1/29/2018 3:53:15 PM,2016,2015,1,3,Other UK Airports,BIRMINGHAM,11645334,10187122,14.314268544,11639399,10180059,14.335280375,5935,7063,-15.970550757
1/29/2018 3:53:15 PM,2016,2015,1,3,Other UK Airports,BLACKPOOL,36269,33494,8.285065982,36269,33494,8.285065982,0,0,
1/29/2018 3:53:15 PM,2016,2015,1,3,Other UK Airports,BOURNEMOUTH,667981,706776,-5.489009248,666219,705433,-5.558855341,1762,1343,31.198808637
1/29/2018 3:53:15 PM,2016,2015,1,3,Other UK Airports,BRISTOL,7610780,6786790,12.141085845,7604147,6781195,12.135796124,6633,5595,18.552278820
1/29/2018 3:53:15 PM,2016,2015,1,3,Other UK Airports,CAMBRIDGE,591,5799,-89.808587688,591,5799,-89.808587688,0,0,
1/29/2018 3:53:15 PM,2016,2015,1,3,Other UK Airports,CAMPBELTOWN,8573,8511,0.728469040,8472,8288,2.220077220,101,223,-54.708520179
1/29/2018 3:53:15 PM,2016,2015,1,3,Other UK Airports,CARDIFF WALES,1347483,1160506,16.111678871,1344273,1158383,16.047369480,3210,2123,51.201130476
1/29/2018 3:53:15 PM,2016,2015,1,3,Other UK Airports,CITY OF DERRY (EGLINTON),290671,284485,2.174455595,290671,284482,2.175533074,0,3,
1/29/2018 3:53:15 PM,2016,2015,1,3,Other UK Airports,DONCASTER SHEFFIELD,1255907,857109,46.528271200,1255592,856592,46.579935372,315,517,-39.071566731
1/29/2018 3:53:15 PM,2016,2015,1,3,Other UK Airports,DUNDEE,37647,21973,71.332999590,37632,21942,71.506699480,15,31,-51.612903226
1/29/2018 3:53:15 PM,2016,2015,1,3,Other UK Airports,DURHAM TEES VALLEY,132369,140902,-6.055982172,131487,140373,-6.330277190,882,529,66.729678639
1/29/2018 3:53:15 PM,2016,2015,1,3,Other UK Airports,EAST MIDLANDS INTERNATIONAL,4653818,4450862,4.559925695,4651373,4446219,4.614122696,2445,4643,-47.340081844
1/29/2018 3:53:15 PM,2016,2015,1,3,Other UK Airports,EDINBURGH,12348425,11114587,11.101069253,12347826,11113386,11.107685812,599,1201,-50.124895920
1/29/2018 3:53:15 PM,2016,2015,1,3,Other UK Airports,EXETER,847257,821789,3.099092346,847017,821165,3.148210165,240,624,-61.538461538
1/29/2018 3:53:15 PM,2016,2015,1,3,Other UK Airports,GLASGOW,9346245,8714154,7.253612915,9343147,8709531,7.274972671,3098,4623,-32.987237724
1/29/2018 3:53:15 PM,2016,2015,1,3,Other UK Airports,GLOUCESTERSHIRE,12365,12267,0.798891334,12329,12253,0.620256264,36,14,157.142857143
1/29/2018 3:53:15 PM,2016,2015,1,3,Other UK Airports,HUMBERSIDE,201650,222107,-9.210425606,201279,221190,-9.001763190,371,917,-59.541984733
1/29/2018 3:53:15 PM,2016,2015,1,3,Other UK Airports,INVERNESS,783017,669364,16.979251947,782245,667560,17.179729163,772,1804,-57.206208426
1/29/2018 3:53:15 PM,2016,2015,1,3,Other UK Airports,ISLAY,28339,29346,-3.431472773,27973,28993,-3.518090574,366,353,3.682719547
1/29/2018 3:53:15 PM,2016,2015,1,3,Other UK Airports,ISLES OF SCILLY (ST.MARYS),95068,94718,0.369517937,95068,94718,0.369517937,0,0,
1/29/2018 3:53:15 PM,2016,2015,1,3,Other UK Airports,KIRKWALL,163029,160234,1.744323926,152727,149524,2.142131029,10302,10710,-3.809523810
1/29/2018 3:53:15 PM,2016,2015,1,3,Other UK Airports,LANDS END (ST JUST),64804,54169,19.633000425,64292,53704,19.715477432,512,465,10.107526882
1/29/2018 3:53:15 PM,2016,2015,1,3,Other UK Airports,LEEDS BRADFORD,3612117,3455445,4.534061460,3611458,3445291,4.823017852,659,10154,-93.509946819
1/29/2018 3:53:15 PM,2016,2015,1,3,Other UK Airports,LERWICK (TINGWALL),4438,4267,4.007499414,4438,4175,6.299401198,0,92,
1/29/2018 3:53:15 PM,2016,2015,1,3,Other UK Airports,LIVERPOOL (JOHN LENNON),4778939,4301495,11.099489829,4776996,4295763,11.202503490,1943,5732,-66.102581996
1/29/2018 3:53:15 PM,2016,2015,1,3,Other UK Airports,LYDD,509,1134,-55.114638448,509,1134,-55.114638448,0,0,
1/29/2018 3:53:15 PM,2016,2015,1,3,Other UK Airports,MANCHESTER,25637054,23136047,10.810001380,25598827,23094593,10.843377928,38227,41454,-7.784532253
1/29/2018 3:53:15 PM,2016,2015,1,3,Other UK Airports,NEWCASTLE,4807906,4562846,5.370770786,4804958,4559841,5.375560244,2948,3005,-1.896838602
1/29/2018 3:53:15 PM,2016,2015,1,3,Other UK Airports,NEWQUAY,371525,251987,47.438161492,370272,250278,47.944285954,1253,1709,-26.682270334
1/29/2018 3:53:15 PM,2016,2015,1,3,Other UK Airports,NORWICH,506007,459664,10.081929409,506007,459664,10.081929409,0,0,
1/29/2018 3:53:15 PM,2016,2015,1,3,Other UK Airports,OXFORD (KIDLINGTON),383,166,130.722891566,383,166,130.722891566,0,0,
1/29/2018 3:53:15 PM,2016,2015,1,3,Other UK Airports,PRESTWICK,673232,610837,10.214672654,671661,609589,10.182598439,1571,1248,25.881410256
1/29/2018 3:53:15 PM,2016,2015,1,3,Other UK Airports,SCATSTA,162100,253526,-36.061784590,162100,253526,-36.061784590,0,0,
1/29/2018 3:53:15 PM,2016,2015,1,3,Other UK Airports,SHOREHAM,165,490,-66.326530612,165,490,-66.326530612,0,0,
1/29/2018 3:53:15 PM,2016,2015,1,3,Other UK Airports,SOUTHAMPTON,1947052,1789470,8.806071071,1946938,1775638,9.647236655,114,13832,-99.175824176
1/29/2018 3:53:15 PM,2016,2015,1,3,Other UK Airports,STORNOWAY,126520,127282,-0.598670668,124338,124984,-0.516866159,2182,2298,-5.047867711
1/29/2018 3:53:15 PM,2016,2015,1,3,Other UK Airports,SUMBURGH,250407,271994,-7.936572130,249050,270126,-7.802284860,1357,1868,-27.355460385
1/29/2018 3:53:15 PM,2016,2015,1,3,Other UK Airports,TIREE,11622,9856,17.918019481,11210,9564,17.210372229,412,292,41.095890411
1/29/2018 3:53:15 PM,2016,2015,1,3,Other UK Airports,WICK JOHN O GROATS,20158,25484,-20.899387851,20021,24152,-17.104173567,137,1332,-89.714714715
1/29/2018 3:53:15 PM,2016,2015,2,4,Non UK Reporting Airports,ALDERNEY,57595,59843,-3.756496165,57595,59843,-3.756496165,0,0,
1/29/2018 3:53:15 PM,2016,2015,2,4,Non UK Reporting Airports,GUERNSEY,874118,891616,-1.962504038,839717,857775,-2.105214071,34401,33841,1.654797435
1/29/2018 3:53:15 PM,2016,2015,2,4,Non UK Reporting Airports,ISLE OF MAN,791651,781601,1.285822306,790761,780857,1.268350031,890,744,19.623655914
1/29/2018 3:53:15 PM,2016,2015,2,4,Non UK Reporting Airports,JERSEY,1614705,1554390,3.880300311,1591976,1532492,3.881521078,22729,21898,3.794867111


3/8/2018 10:33:32 AM,2017,2016,1,1,London Area Airports,GATWICK,45556899,43119628,5.652347001,45553837,43114888,5.656860340,3062,4740,-35.400843882
3/8/2018 10:33:32 AM,2017,2016,1,1,London Area Airports,HEATHROW,78012825,75711130,3.040101237,77987524,75671863,3.060134782,25301,39267,-35.566760893
3/8/2018 10:33:32 AM,2017,2016,1,1,London Area Airports,LONDON CITY,4530439,4538813,-0.184497577,4530439,4538735,-0.182782207,0,78,
3/8/2018 10:33:32 AM,2017,2016,1,1,London Area Airports,LUTON,15990276,14645619,9.181291689,15989225,14642282,9.198996441,1051,3337,-68.504644891
3/8/2018 10:33:32 AM,2017,2016,1,1,London Area Airports,SOUTHEND,1092391,874549,24.909067416,1091738,874411,24.854101790,653,138,373.188405797
3/8/2018 10:33:32 AM,2017,2016,1,1,London Area Airports,STANSTED,25904450,24320071,6.514697264,25902618,24318395,6.514504761,1832,1676,9.307875895
3/8/2018 10:33:32 AM,2017,2016,1,3,Other UK Airports,ABERDEEN,3090642,2955338,4.578291891,3090272,2955325,4.566232140,370,13,2746.153846154
3/8/2018 10:33:32 AM,2017,2016,1,3,Other UK Airports,BARRA,14913,12820,16.326053042,14913,12808,16.435040600,0,12,
3/8/2018 10:33:32 AM,2017,2016,1,3,Other UK Airports,BELFAST CITY (GEORGE BEST),2559846,2665139,-3.950750786,2559846,2665139,-3.950750786,0,0,
3/8/2018 10:33:32 AM,2017,2016,1,3,Other UK Airports,BELFAST INTERNATIONAL,5836735,5147546,13.388690456,5836735,5147399,13.391928623,0,147,
3/8/2018 10:33:32 AM,2017,2016,1,3,Other UK Airports,BENBECULA,33312,32467,2.602642683,33258,32439,2.524738740,54,28,92.857142857
3/8/2018 10:33:32 AM,2017,2016,1,3,Other UK Airports,BIGGIN HILL,1318,627,110.207336523,1318,627,110.207336523,0,0,
3/8/2018 10:33:32 AM,2017,2016,1,3,Other UK Airports,BIRMINGHAM,12990303,11645334,11.549424001,12982180,11639399,11.536514901,8123,5935,36.866048863
3/8/2018 10:33:32 AM,2017,2016,1,3,Other UK Airports,BLACKPOOL,23391,36269,-35.506906725,23391,36269,-35.506906725,0,0,
3/8/2018 10:33:32 AM,2017,2016,1,3,Other UK Airports,BOURNEMOUTH,694660,667981,3.993975877,693977,666219,4.166497803,683,1762,-61.237230420
3/8/2018 10:33:32 AM,2017,2016,1,3,Other UK Airports,BRISTOL,8239250,7610780,8.257629310,8233387,7604147,8.274958388,5863,6633,-11.608623549
3/8/2018 10:33:32 AM,2017,2016,1,3,Other UK Airports,CAMBRIDGE,0,591,,0,591,,0,0,
3/8/2018 10:33:32 AM,2017,2016,1,3,Other UK Airports,CAMPBELTOWN,8806,8573,2.717835064,8726,8472,2.998111426,80,101,-20.792079208
3/8/2018 10:33:32 AM,2017,2016,1,3,Other UK Airports,CARDIFF WALES,1465227,1347483,8.738069423,1464180,1344273,8.919839943,1047,3210,-67.383177570
3/8/2018 10:33:32 AM,2017,2016,1,3,Other UK Airports,CITY OF DERRY (EGLINTON),193981,290671,-33.264412342,193981,290671,-33.264412342,0,0,
3/8/2018 10:33:32 AM,2017,2016,1,3,Other UK Airports,DONCASTER SHEFFIELD,1335599,1255907,6.345374299,1335590,1255592,6.371337186,9,315,-97.142857143
3/8/2018 10:33:32 AM,2017,2016,1,3,Other UK Airports,DUNDEE,21327,37647,-43.350067734,21327,37632,-43.327487245,0,15,
3/8/2018 10:33:32 AM,2017,2016,1,3,Other UK Airports,DURHAM TEES VALLEY,130911,132369,-1.101466355,128007,131487,-2.646649479,2904,882,229.251700680
3/8/2018 10:33:32 AM,2017,2016,1,3,Other UK Airports,EAST MIDLANDS INTERNATIONAL,4878781,4653818,4.833944946,4877545,4651373,4.862478240,1236,2445,-49.447852761
3/8/2018 10:33:32 AM,2017,2016,1,3,Other UK Airports,EDINBURGH,13410343,12348425,8.599623029,13409295,12347826,8.596403934,1048,599,74.958263773
3/8/2018 10:33:32 AM,2017,2016,1,3,Other UK Airports,EXETER,908750,847257,7.257892233,908260,847017,7.230433392,490,240,104.166666667
3/8/2018 10:33:32 AM,2017,2016,1,3,Other UK Airports,GLASGOW,9897959,9346245,5.903055184,9894845,9343147,5.904841270,3114,3098,0.516462234
3/8/2018 10:33:32 AM,2017,2016,1,3,Other UK Airports,GLOUCESTERSHIRE,1488,12365,-87.966033158,1488,12329,-87.930894639,0,36,
3/8/2018 10:33:32 AM,2017,2016,1,3,Other UK Airports,HUMBERSIDE,190936,201650,-5.313166377,190490,201279,-5.360221384,446,371,20.215633423
3/8/2018 10:33:32 AM,2017,2016,1,3,Other UK Airports,INVERNESS,874934,783017,11.738825594,874486,782245,11.791829925,448,772,-41.968911917
3/8/2018 10:33:32 AM,2017,2016,1,3,Other UK Airports,ISLAY,32644,28339,15.191079431,32392,27973,15.797376041,252,366,-31.147540984
3/8/2018 10:33:32 AM,2017,2016,1,3,Other UK Airports,ISLES OF SCILLY (ST.MARYS),91852,95068,-3.382841755,91852,95068,-3.382841755,0,0,
3/8/2018 10:33:32 AM,2017,2016,1,3,Other UK Airports,KIRKWALL,177248,163029,8.721761159,164484,152727,7.698049461,12764,10302,23.898272180
3/8/2018 10:33:32 AM,2017,2016,1,3,Other UK Airports,LANDS END (ST JUST),59386,64804,-8.360595025,58834,64292,-8.489392148,552,512,7.812500000
3/8/2018 10:33:32 AM,2017,2016,1,3,Other UK Airports,LEEDS BRADFORD,4076616,3612117,12.859467177,4074500,3611458,12.821469888,2116,659,221.092564492
3/8/2018 10:33:32 AM,2017,2016,1,3,Other UK Airports,LERWICK (TINGWALL),4139,4438,-6.737269040,4139,4438,-6.737269040,0,0,
3/8/2018 10:33:32 AM,2017,2016,1,3,Other UK Airports,LIVERPOOL (JOHN LENNON),4901157,4778939,2.557429588,4896603,4776996,2.503812019,4554,1943,134.379825013
3/8/2018 10:33:32 AM,2017,2016,1,3,Other UK Airports,LYDD,865,509,69.941060904,865,509,69.941060904,0,0,
3/8/2018 10:33:32 AM,2017,2016,1,3,Other UK Airports,MANCHESTER,27826054,25637054,8.538422550,27773303,25598827,8.494436093,52751,38227,37.994087948
3/8/2018 10:33:32 AM,2017,2016,1,3,Other UK Airports,NEWCASTLE,5300274,4807906,10.240799217,5297952,4804958,10.260110494,2322,2948,-21.234735414
3/8/2018 10:33:32 AM,2017,2016,1,3,Other UK Airports,NEWQUAY,461300,371525,24.163918983,459924,370272,24.212470832,1376,1253,9.816440543
3/8/2018 10:33:32 AM,2017,2016,1,3,Other UK Airports,NORWICH,528153,506007,4.376619296,528153,506007,4.376619296,0,0,
3/8/2018 10:33:32 AM,2017,2016,1,3,Other UK Airports,OXFORD (KIDLINGTON),90,383,-76.501305483,90,383,-76.501305483,0,0,
3/8/2018 10:33:32 AM,2017,2016,1,3,Other UK Airports,PRESTWICK,696309,673232,3.427793094,695669,671661,3.574422216,640,1571,-59.261616805
3/8/2018 10:33:32 AM,2017,2016,1,3,Other UK Airports,SCATSTA,170847,162100,5.396051820,170847,162100,5.396051820,0,0,
3/8/2018 10:33:32 AM,2017,2016,1,3,Other UK Airports,SHOREHAM,0,165,,0,165,,0,0,
3/8/2018 10:33:32 AM,2017,2016,1,3,Other UK Airports,SOUTHAMPTON,2069910,1947052,6.309949606,2069605,1946938,6.300508799,305,114,167.543859649
3/8/2018 10:33:32 AM,2017,2016,1,3,Other UK Airports,STORNOWAY,134148,126520,6.029086310,132009,124338,6.169473532,2139,2182,-1.970669111
3/8/2018 10:33:32 AM,2017,2016,1,3,Other UK Airports,SUMBURGH,256418,250407,2.400491999,256393,249050,2.948403935,25,1357,-98.157700811
3/8/2018 10:33:32 AM,2017,2016,1,3,Other UK Airports,TIREE,12488,11622,7.451385304,12137,11210,8.269402319,351,412,-14.805825243
3/8/2018 10:33:32 AM,2017,2016,1,3,Other UK Airports,WICK JOHN O GROATS,17697,20158,-12.208552436,17672,20021,-11.732680685,25,137,-81.751824818
3/8/2018 10:33:32 AM,2017,2016,2,4,Non UK Reporting Airports,ALDERNEY,54760,57595,-4.922302283,54760,57595,-4.922302283,0,0,
3/8/2018 10:33:32 AM,2017,2016,2,4,Non UK Reporting Airports,GUERNSEY,843272,874118,-3.528814188,809215,839717,-3.632414254,34057,34401,-0.999970931
3/8/2018 10:33:32 AM,2017,2016,2,4,Non UK Reporting Airports,ISLE OF MAN,797615,791651,0.753362277,797374,790761,0.836283024,241,890,-72.921348315
3/8/2018 10:33:32 AM,2017,2016,2,4,Non UK Reporting Airports,JERSEY,1637763,1614705,1.428000780,1614221,1591976,1.397320060,23542,22729,3.576928153


3/3/2019 10:57:24 AM,2018,2017,1,1,London Area Airports,GATWICK,46086089,45556899,1.161602329,46081327,45553837,1.157948561,4762,3062,55.519268452
3/3/2019 10:57:24 AM,2018,2017,1,1,London Area Airports,HEATHROW,80124537,78012825,2.706878004,80100311,77987524,2.709134605,24226,25301,-4.248843919
3/3/2019 10:57:24 AM,2018,2017,1,1,London Area Airports,LONDON CITY,4820292,4530439,6.397900954,4820292,4530439,6.397900954,0,0,
3/3/2019 10:57:24 AM,2018,2017,1,1,London Area Airports,LUTON,16769634,15990276,4.873949643,16766552,15989225,4.861567712,3082,1051,193.244529020
3/3/2019 10:57:24 AM,2018,2017,1,1,London Area Airports,SOUTHEND,1480139,1092269,35.510483223,1480139,1091616,35.591545012,0,653,
3/3/2019 10:57:24 AM,2018,2017,1,1,London Area Airports,STANSTED,27996116,25904450,8.074543177,27995121,25902618,8.078345594,995,1832,-45.687772926
3/3/2019 10:57:24 AM,2018,2017,1,3,Other UK Airports,ABERDEEN,3056018,3090642,-1.120285041,3055995,3090272,-1.109190388,23,370,-93.783783784
3/3/2019 10:57:24 AM,2018,2017,1,3,Other UK Airports,BARRA,14706,14913,-1.388050694,14706,14913,-1.388050694,0,0,
3/3/2019 10:57:24 AM,2018,2017,1,3,Other UK Airports,BELFAST CITY (GEORGE BEST),2511261,2559846,-1.897965737,2510294,2559846,-1.935741447,967,0,
3/3/2019 10:57:24 AM,2018,2017,1,3,Other UK Airports,BELFAST INTERNATIONAL,6268960,5836735,7.405253108,6268953,5836735,7.405133178,7,0,
3/3/2019 10:57:24 AM,2018,2017,1,3,Other UK Airports,BENBECULA,35417,33312,6.319044188,35404,33258,6.452582837,13,54,-75.925925926
3/3/2019 10:57:24 AM,2018,2017,1,3,Other UK Airports,BIGGIN HILL,1674,1318,27.010622155,1674,1318,27.010622155,0,0,
3/3/2019 10:57:24 AM,2018,2017,1,3,Other UK Airports,BIRMINGHAM,12457051,12990303,-4.105000476,12454642,12982180,-4.063554811,2409,8123,-70.343469162
3/3/2019 10:57:24 AM,2018,2017,1,3,Other UK Airports,BLACKPOOL,19321,23391,-17.399854645,19321,23391,-17.399854645,0,0,
3/3/2019 10:57:24 AM,2018,2017,1,3,Other UK Airports,BOURNEMOUTH,674972,694660,-2.834192267,674972,693977,-2.738563382,0,683,
3/3/2019 10:57:24 AM,2018,2017,1,3,Other UK Airports,BRISTOL,8699529,8239250,5.586418667,8696653,8233387,5.626675875,2876,5863,-50.946614361
3/3/2019 10:57:24 AM,2018,2017,1,3,Other UK Airports,CAMPBELTOWN,8532,8806,-3.111514876,8472,8726,-2.910841164,60,80,-25.000000000
3/3/2019 10:57:24 AM,2018,2017,1,3,Other UK Airports,CARDIFF WALES,1581131,1465227,7.910310143,1579204,1464180,7.855864716,1927,1047,84.049665712
3/3/2019 10:57:24 AM,2018,2017,1,3,Other UK Airports,CITY OF DERRY (EGLINTON),185843,193981,-4.195256236,185843,193981,-4.195256236,0,0,
3/3/2019 10:57:24 AM,2018,2017,1,3,Other UK Airports,DONCASTER SHEFFIELD,1222347,1335599,-8.479491225,1222295,1335590,-8.482767915,52,9,477.777777778
3/3/2019 10:57:24 AM,2018,2017,1,3,Other UK Airports,DUNDEE,21185,21327,-0.665822666,21185,21327,-0.665822666,0,0,
3/3/2019 10:57:24 AM,2018,2017,1,3,Other UK Airports,DURHAM TEES VALLEY,142080,130911,8.531750579,139549,128007,9.016694400,2531,2904,-12.844352617
3/3/2019 10:57:24 AM,2018,2017,1,3,Other UK Airports,EAST MIDLANDS INTERNATIONAL,4873831,4878781,-0.101459770,4873757,4877545,-0.077662021,74,1236,-94.012944984
3/3/2019 10:57:24 AM,2018,2017,1,3,Other UK Airports,EDINBURGH,14294305,13410343,6.591643480,14291811,13409295,6.581375083,2494,1048,137.977099237
3/3/2019 10:57:24 AM,2018,2017,1,3,Other UK Airports,EXETER,931265,908750,2.477579092,931182,908260,2.523726686,83,490,-83.061224490
3/3/2019 10:57:24 AM,2018,2017,1,3,Other UK Airports,GLASGOW,9656227,9897959,-2.442240870,9652516,9894845,-2.449042911,3711,3114,19.171483622
3/3/2019 10:57:24 AM,2018,2017,1,3,Other UK Airports,GLOUCESTERSHIRE,0,1488,,0,1488,,0,0,
3/3/2019 10:57:24 AM,2018,2017,1,3,Other UK Airports,HUMBERSIDE,192526,190936,0.832739766,191828,190490,0.702399076,698,446,56.502242152
3/3/2019 10:57:24 AM,2018,2017,1,3,Other UK Airports,INVERNESS,894360,874934,2.220281758,892971,874486,2.113813143,1389,448,210.044642857
3/3/2019 10:57:24 AM,2018,2017,1,3,Other UK Airports,ISLAY,32775,32644,0.401298860,32508,32392,0.358113114,267,252,5.952380952
3/3/2019 10:57:24 AM,2018,2017,1,3,Other UK Airports,ISLES OF SCILLY (ST.MARYS),92195,91852,0.373426817,92195,91852,0.373426817,0,0,
3/3/2019 10:57:24 AM,2018,2017,1,3,Other UK Airports,KIRKWALL,181562,177248,2.433877956,169683,164484,3.160793755,11879,12764,-6.933563146
3/3/2019 10:57:24 AM,2018,2017,1,3,Other UK Airports,LANDS END (ST JUST),64216,59386,8.133230054,63862,58834,8.546078798,354,552,-35.869565217
3/3/2019 10:57:24 AM,2018,2017,1,3,Other UK Airports,LEEDS BRADFORD,4038889,4076616,-0.925448951,4037686,4074500,-0.903521905,1203,2116,-43.147448015
3/3/2019 10:57:24 AM,2018,2017,1,3,Other UK Airports,LERWICK (TINGWALL),3881,4139,-6.233389708,3881,4139,-6.233389708,0,0,
3/3/2019 10:57:24 AM,2018,2017,1,3,Other UK Airports,LIVERPOOL (JOHN LENNON),5046995,4901157,2.975583112,5042312,4896603,2.975716022,4683,4554,2.832674572
3/3/2019 10:57:24 AM,2018,2017,1,3,Other UK Airports,LYDD,284,865,-67.167630058,284,865,-67.167630058,0,0,
3/3/2019 10:57:24 AM,2018,2017,1,3,Other UK Airports,MANCHESTER,28292797,27826054,1.677359643,28254970,27773303,1.734280579,37827,52751,-28.291406798
3/3/2019 10:57:24 AM,2018,2017,1,3,Other UK Airports,NEWCASTLE,5334095,5300274,0.638099087,5332238,5297952,0.647155731,1857,2322,-20.025839793
3/3/2019 10:57:24 AM,2018,2017,1,3,Other UK Airports,NEWQUAY,456888,461300,-0.956427488,456511,459924,-0.742079126,377,1376,-72.601744186
3/3/2019 10:57:24 AM,2018,2017,1,3,Other UK Airports,NORWICH,536578,528153,1.595181699,536578,528153,1.595181699,0,0,
3/3/2019 10:57:24 AM,2018,2017,1,3,Other UK Airports,OXFORD (KIDLINGTON),100,90,11.111111111,100,90,11.111111111,0,0,
3/3/2019 10:57:24 AM,2018,2017,1,3,Other UK Airports,PRESTWICK,681715,696309,-2.095908569,680958,695669,-2.114655102,757,640,18.281250000
3/3/2019 10:57:24 AM,2018,2017,1,3,Other UK Airports,SCATSTA,174934,170847,2.392198868,174934,170847,2.392198868,0,0,
3/3/2019 10:57:24 AM,2018,2017,1,3,Other UK Airports,SOUTHAMPTON,1991014,2069910,-3.811566686,1990930,2069605,-3.801450035,84,305,-72.459016393
3/3/2019 10:57:24 AM,2018,2017,1,3,Other UK Airports,STORNOWAY,135700,134148,1.156931151,133375,132009,1.034777932,2325,2139,8.695652174
3/3/2019 10:57:24 AM,2018,2017,1,3,Other UK Airports,SUMBURGH,245868,256418,-4.114375746,245766,256393,-4.144808946,102,25,308.000000000
3/3/2019 10:57:24 AM,2018,2017,1,3,Other UK Airports,TIREE,12625,12488,1.097053171,12285,12137,1.219411716,340,351,-3.133903134
3/3/2019 10:57:24 AM,2018,2017,1,3,Other UK Airports,WICK JOHN O GROATS,16775,17697,-5.209922586,16756,17672,-5.183340878,19,25,-24.000000000
3/3/2019 10:57:24 AM,2018,2017,2,4,Non UK Reporting Airports,ALDERNEY,53343,54760,-2.587655223,53343,54760,-2.587655223,0,0,
3/3/2019 10:57:24 AM,2018,2017,2,4,Non UK Reporting Airports,GUERNSEY,837615,843272,-0.670839302,804536,809215,-0.578214690,33079,34057,-2.871656341
3/3/2019 10:57:24 AM,2018,2017,2,4,Non UK Reporting Airports,ISLE OF MAN,836656,797615,4.894717376,836656,797374,4.926420977,0,241,
3/3/2019 10:57:24 AM,2018,2017,2,4,Non UK Reporting Airports,JERSEY,1664175,1637763,1.612687550,1646423,1614221,1.994894132,17752,23542,-24.594342027


3/17/2020 10:40:30 AM,2019,2018,1,1,London Area Airports,GATWICK,46576473,46086089,1.064060784,46574786,46081327,1.070843728,1687,4762,-64.573708526
3/17/2020 10:40:30 AM,2019,2018,1,1,London Area Airports,HEATHROW,80890031,80124537,0.955380248,80886589,80100311,0.981616663,3442,24226,-85.792124164
3/17/2020 10:40:30 AM,2019,2018,1,1,London Area Airports,LONDON CITY,5122271,4820403,6.262297986,5122271,4820403,6.262297986,0,0,
3/17/2020 10:40:30 AM,2019,2018,1,1,London Area Airports,LUTON,18216207,16769634,8.626145329,18213901,16766552,8.632359235,2306,3082,-25.178455548
3/17/2020 10:40:30 AM,2019,2018,1,1,London Area Airports,SOUTHEND,2035535,1480139,37.523232615,2035535,1480139,37.523232615,0,0,
3/17/2020 10:40:30 AM,2019,2018,1,1,London Area Airports,STANSTED,28124292,27996116,0.457834937,28124292,27995121,0.461405400,0,995,
3/17/2020 10:40:30 AM,2019,2018,1,3,Other UK Airports,ABERDEEN,2912883,3056018,-4.683709324,2912743,3055995,-4.687573114,140,23,508.695652174
3/17/2020 10:40:30 AM,2019,2018,1,3,Other UK Airports,BARRA,14599,14706,-0.727594179,14599,14706,-0.727594179,0,0,
3/17/2020 10:40:30 AM,2019,2018,1,3,Other UK Airports,BELFAST CITY (GEORGE BEST),2455259,2511261,-2.230035030,2455259,2510294,-2.192372686,0,967,
3/17/2020 10:40:30 AM,2019,2018,1,3,Other UK Airports,BELFAST INTERNATIONAL,6278563,6268960,0.153183303,6278374,6268953,0.150280278,189,7,2600.000000000
3/17/2020 10:40:30 AM,2019,2018,1,3,Other UK Airports,BENBECULA,34691,35417,-2.049863060,34656,35404,-2.112755621,35,13,169.230769231
3/17/2020 10:40:30 AM,2019,2018,1,3,Other UK Airports,BIGGIN HILL,2262,1674,35.125448029,2262,1674,35.125448029,0,0,
3/17/2020 10:40:30 AM,2019,2018,1,3,Other UK Airports,BIRMINGHAM,12650607,12457051,1.553786687,12646456,12454642,1.540100470,4151,2409,72.312162723
3/17/2020 10:40:30 AM,2019,2018,1,3,Other UK Airports,BLACKPOOL,15213,19321,-21.261839449,15213,19321,-21.261839449,0,0,
3/17/2020 10:40:30 AM,2019,2018,1,3,Other UK Airports,BOURNEMOUTH,803307,674972,19.013381296,803127,674972,18.986713523,180,0,
3/17/2020 10:40:30 AM,2019,2018,1,3,Other UK Airports,BRISTOL,8964242,8699529,3.042842894,8959679,8696653,3.024450901,4563,2876,58.657858136
3/17/2020 10:40:30 AM,2019,2018,1,3,Other UK Airports,CAMPBELTOWN,8086,8532,-5.227379278,7975,8472,-5.866383381,111,60,85.000000000
3/17/2020 10:40:30 AM,2019,2018,1,3,Other UK Airports,CARDIFF WALES,1656085,1581131,4.740530671,1654920,1579204,4.794567390,1165,1927,-39.543331604
3/17/2020 10:40:30 AM,2019,2018,1,3,Other UK Airports,CITY OF DERRY (EGLINTON),203777,185843,9.650080982,203777,185843,9.650080982,0,0,
3/17/2020 10:40:30 AM,2019,2018,1,3,Other UK Airports,DONCASTER SHEFFIELD,1407862,1222347,15.176950571,1407862,1222295,15.181850535,0,52,
3/17/2020 10:40:30 AM,2019,2018,1,3,Other UK Airports,DUNDEE,20917,21185,-1.265046023,20917,21185,-1.265046023,0,0,
3/17/2020 10:40:30 AM,2019,2018,1,3,Other UK Airports,EAST MIDLANDS INTERNATIONAL,4675411,4873831,-4.071130082,4674338,4873757,-4.091689430,1073,74,1350.000000000
3/17/2020 10:40:30 AM,2019,2018,1,3,Other UK Airports,EDINBURGH,14737497,14294305,3.100479527,14733966,14291811,3.093764674,3531,2494,41.579791500
3/17/2020 10:40:30 AM,2019,2018,1,3,Other UK Airports,EXETER,1021784,931265,9.720004510,1021705,931182,9.721300455,79,83,-4.819277108
3/17/2020 10:40:30 AM,2019,2018,1,3,Other UK Airports,GLASGOW,8847100,9656227,-8.379328696,8843214,9652516,-8.384363206,3886,3711,4.715710051
3/17/2020 10:40:30 AM,2019,2018,1,3,Other UK Airports,HUMBERSIDE,204463,192526,6.200201531,201818,191828,5.207790312,2645,698,278.939828080
3/17/2020 10:40:30 AM,2019,2018,1,3,Other UK Airports,INVERNESS,938232,894360,4.905407219,937728,892971,5.012144851,504,1389,-63.714902808
3/17/2020 10:40:30 AM,2019,2018,1,3,Other UK Airports,ISLAY,34992,32775,6.764302059,34771,32508,6.961363357,221,267,-17.228464419
3/17/2020 10:40:30 AM,2019,2018,1,3,Other UK Airports,ISLES OF SCILLY (ST.MARYS),93927,92195,1.878626824,93927,92195,1.878626824,0,0,
3/17/2020 10:40:30 AM,2019,2018,1,3,Other UK Airports,KIRKWALL,172625,181562,-4.922285500,161516,169683,-4.813092649,11109,11879,-6.482027107
3/17/2020 10:40:30 AM,2019,2018,1,3,Other UK Airports,LANDS END (ST JUST),64056,64216,-0.249159088,63847,63862,-0.023488146,209,354,-40.960451977
3/17/2020 10:40:30 AM,2019,2018,1,3,Other UK Airports,LEEDS BRADFORD,3992862,4038889,-1.139595567,3992209,4037686,-1.126313438,653,1203,-45.719035744
3/17/2020 10:40:30 AM,2019,2018,1,3,Other UK Airports,LERWICK (TINGWALL),3309,3881,-14.738469467,3309,3881,-14.738469467,0,0,
3/17/2020 10:40:30 AM,2019,2018,1,3,Other UK Airports,LIVERPOOL (JOHN LENNON),5045991,5046995,-0.019893025,5043975,5042312,0.032980902,2016,4683,-56.950672646
3/17/2020 10:40:30 AM,2019,2018,1,3,Other UK Airports,LYDD,39,284,-86.267605634,39,284,-86.267605634,0,0,
3/17/2020 10:40:30 AM,2019,2018,1,3,Other UK Airports,MANCHESTER,29397357,28292797,3.904032535,29367477,28254970,3.937385175,29880,37827,-21.008803236
3/17/2020 10:40:30 AM,2019,2018,1,3,Other UK Airports,NEWCASTLE,5203624,5334095,-2.445981933,5198952,5332238,-2.499625861,4672,1857,151.588583737
3/17/2020 10:40:30 AM,2019,2018,1,3,Other UK Airports,NEWQUAY,461478,456888,1.004622577,461469,456511,1.086063644,9,377,-97.612732095
3/17/2020 10:40:30 AM,2019,2018,1,3,Other UK Airports,NORWICH,530328,536578,-1.164788717,530328,536578,-1.164788717,0,0,
3/17/2020 10:40:30 AM,2019,2018,1,3,Other UK Airports,OXFORD (KIDLINGTON),0,100,,0,100,,0,0,
3/17/2020 10:40:30 AM,2019,2018,1,3,Other UK Airports,PRESTWICK,640055,681715,-6.111058140,638975,680958,-6.165284790,1080,757,42.668428005
3/17/2020 10:40:30 AM,2019,2018,1,3,Other UK Airports,SCATSTA,109480,174934,-37.416397041,109480,174934,-37.416397041,0,0,
3/17/2020 10:40:30 AM,2019,2018,1,3,Other UK Airports,SOUTHAMPTON,1781457,1991014,-10.525139452,1781308,1990930,-10.528848327,149,84,77.380952381
3/17/2020 10:40:30 AM,2019,2018,1,3,Other UK Airports,STORNOWAY,131441,135700,-3.138540899,129500,133375,-2.905342081,1941,2325,-16.516129032
3/17/2020 10:40:30 AM,2019,2018,1,3,Other UK Airports,SUMBURGH,267456,245868,8.780321148,267420,245766,8.810820048,36,102,-64.705882353
3/17/2020 10:40:30 AM,2019,2018,1,3,Other UK Airports,TEESSIDE INTERNATIONAL AIRPORT,150735,142080,6.091638514,147824,139549,5.929816767,2911,2531,15.013828526
3/17/2020 10:40:30 AM,2019,2018,1,3,Other UK Airports,TIREE,12178,12625,-3.540594059,11944,12285,-2.775742776,234,340,-31.176470588
3/17/2020 10:40:30 AM,2019,2018,1,3,Other UK Airports,WICK JOHN O GROATS,13149,16775,-21.615499255,12892,16756,-23.060396276,257,19,1252.631578947
3/17/2020 10:40:30 AM,2019,2018,2,4,Non UK Reporting Airports,ALDERNEY,53155,53343,-0.352436121,53155,53343,-0.352436121,0,0,
3/17/2020 10:40:30 AM,2019,2018,2,4,Non UK Reporting Airports,GUERNSEY,882374,837615,5.343624458,855396,804536,6.321656209,26978,33079,-18.443725627
3/17/2020 10:40:30 AM,2019,2018,2,4,Non UK Reporting Airports,ISLE OF MAN,854676,836656,2.153812320,854676,836656,2.153812320,0,0,
3/17/2020 10:40:30 AM,2019,2018,2,4,Non UK Reporting Airports,JERSEY,1762949,1664175,5.935313293,1728973,1646423,5.013899830,33976,17752,91.392519153


4/16/2021 5:12:43 PM,2020,2019,1,1,London Area Airports,GATWICK,10173431,46576473,-78.157575392,10171867,46574786,-78.160142271,1564,1687,-7.291049200
4/16/2021 5:12:43 PM,2020,2019,1,1,London Area Airports,HEATHROW,22111326,80890031,-72.664955463,22109550,80886589,-72.665987930,1776,3442,-48.402091807
4/16/2021 5:12:43 PM,2020,2019,1,1,London Area Airports,LONDON CITY,908105,5122271,-82.271437806,908105,5122271,-82.271437806,0,0,
4/16/2021 5:12:43 PM,2020,2019,1,1,London Area Airports,LUTON,5550821,18216207,-69.528118559,5550401,18213901,-69.526566549,420,2306,-81.786643539
4/16/2021 5:12:43 PM,2020,2019,1,1,London Area Airports,SOUTHEND,401143,2035535,-80.292994225,401143,2035535,-80.292994225,0,0,
4/16/2021 5:12:43 PM,2020,2019,1,1,London Area Airports,STANSTED,7539689,28124292,-73.191542031,7536869,28124292,-73.201568950,2820,0,
4/16/2021 5:12:43 PM,2020,2019,1,3,Other UK Airports,ABERDEEN,994077,2912883,-65.873088620,994076,2912743,-65.871482654,1,140,-99.285714286
4/16/2021 5:12:43 PM,2020,2019,1,3,Other UK Airports,BARRA,6156,14599,-57.832728269,6140,14599,-57.942324817,16,0,
4/16/2021 5:12:43 PM,2020,2019,1,3,Other UK Airports,BELFAST CITY (GEORGE BEST),542547,2455259,-77.902657113,542523,2455259,-77.903634606,24,0,
4/16/2021 5:12:43 PM,2020,2019,1,3,Other UK Airports,BELFAST INTERNATIONAL,1747086,6278563,-72.173791997,1746951,6278374,-72.175104573,135,189,-28.571428571
4/16/2021 5:12:43 PM,2020,2019,1,3,Other UK Airports,BENBECULA,14199,34691,-59.070075812,12713,34656,-63.316597415,1486,35,4145.714285714
4/16/2021 5:12:43 PM,2020,2019,1,3,Other UK Airports,BIGGIN HILL,1845,2262,-18.435013263,1845,2262,-18.435013263,0,0,
4/16/2021 5:12:43 PM,2020,2019,1,3,Other UK Airports,BIRMINGHAM,2869582,12650607,-77.316645755,2865845,12646456,-77.338750081,3737,4151,-9.973500361
4/16/2021 5:12:43 PM,2020,2019,1,3,Other UK Airports,BLACKPOOL,11412,15213,-24.985210018,11412,15213,-24.985210018,0,0,
4/16/2021 5:12:43 PM,2020,2019,1,3,Other UK Airports,BOURNEMOUTH,175907,803307,-78.102145257,175907,803127,-78.097237423,0,180,
4/16/2021 5:12:43 PM,2020,2019,1,3,Other UK Airports,BRISTOL,2194524,8964242,-75.519134802,2192725,8959679,-75.526745992,1799,4563,-60.574183651
4/16/2021 5:12:43 PM,2020,2019,1,3,Other UK Airports,CAMPBELTOWN,2520,8086,-68.835023497,2108,7975,-73.567398119,412,111,271.171171171
4/16/2021 5:12:43 PM,2020,2019,1,3,Other UK Airports,CARDIFF WALES,219984,1656085,-86.716623845,219197,1654920,-86.754828028,787,1165,-32.446351931
4/16/2021 5:12:43 PM,2020,2019,1,3,Other UK Airports,CITY OF DERRY (EGLINTON),80494,203777,-60.498976823,80494,203777,-60.498976823,0,0,
4/16/2021 5:12:43 PM,2020,2019,1,3,Other UK Airports,DONCASTER SHEFFIELD,338829,1407862,-75.933081509,338586,1407862,-75.950341724,243,0,
4/16/2021 5:12:43 PM,2020,2019,1,3,Other UK Airports,DUNDEE,8647,20917,-58.660419754,8647,20917,-58.660419754,0,0,
4/16/2021 5:12:43 PM,2020,2019,1,3,Other UK Airports,EAST MIDLANDS INTERNATIONAL,901237,4675411,-80.723897856,900832,4674338,-80.728137332,405,1073,-62.255358807
4/16/2021 5:12:43 PM,2020,2019,1,3,Other UK Airports,EDINBURGH,3474879,14737497,-76.421511740,3473652,14733966,-76.424188844,1227,3531,-65.250637213
4/16/2021 5:12:43 PM,2020,2019,1,3,Other UK Airports,EXETER,148251,1021784,-85.490964822,147921,1021705,-85.522141910,330,79,317.721518987
4/16/2021 5:12:43 PM,2020,2019,1,3,Other UK Airports,GLASGOW,1946474,8847100,-77.998734048,1944981,8843214,-78.005948968,1493,3886,-61.580030880
4/16/2021 5:12:43 PM,2020,2019,1,3,Other UK Airports,GLOUCESTERSHIRE,5,0,,5,0,,0,0,
4/16/2021 5:12:43 PM,2020,2019,1,3,Other UK Airports,HUMBERSIDE,45273,204463,-77.857607489,45075,201818,-77.665520419,198,2645,-92.514177694
4/16/2021 5:12:43 PM,2020,2019,1,3,Other UK Airports,INVERNESS,241167,938232,-74.295590003,239987,937728,-74.407610736,1180,504,134.126984127
4/16/2021 5:12:43 PM,2020,2019,1,3,Other UK Airports,ISLAY,8907,34992,-74.545610425,8693,34771,-74.999281010,214,221,-3.167420814
4/16/2021 5:12:43 PM,2020,2019,1,3,Other UK Airports,ISLES OF SCILLY (ST.MARYS),41766,93927,-55.533552653,41766,93927,-55.533552653,0,0,
4/16/2021 5:12:43 PM,2020,2019,1,3,Other UK Airports,KIRKWALL,61177,172625,-64.560753077,54638,161516,-66.171772456,6539,11109,-41.137816185
4/16/2021 5:12:43 PM,2020,2019,1,3,Other UK Airports,LANDS END (ST JUST),34673,64056,-45.870800550,34556,63847,-45.876861873,117,209,-44.019138756
4/16/2021 5:12:43 PM,2020,2019,1,3,Other UK Airports,LEEDS BRADFORD,751091,3992862,-81.189157051,751048,3992209,-81.187157286,43,653,-93.415007657
4/16/2021 5:12:43 PM,2020,2019,1,3,Other UK Airports,LERWICK (TINGWALL),1227,3309,-62.919310970,1227,3309,-62.919310970,0,0,
4/16/2021 5:12:43 PM,2020,2019,1,3,Other UK Airports,LIVERPOOL (JOHN LENNON),1338415,5045991,-73.475676037,1337669,5043975,-73.479864591,746,2016,-62.996031746
4/16/2021 5:12:43 PM,2020,2019,1,3,Other UK Airports,LYDD,0,39,,0,39,,0,0,
4/16/2021 5:12:43 PM,2020,2019,1,3,Other UK Airports,MANCHESTER,7034856,29397357,-76.069767088,7029384,29367477,-76.064052080,5472,29880,-81.686746988
4/16/2021 5:12:43 PM,2020,2019,1,3,Other UK Airports,NEWCASTLE,1064274,5203624,-79.547446164,1061146,5198952,-79.589232599,3128,4672,-33.047945205
4/16/2021 5:12:43 PM,2020,2019,1,3,Other UK Airports,NEWQUAY,67877,461478,-85.291389839,67877,461469,-85.291102978,0,9,
4/16/2021 5:12:43 PM,2020,2019,1,3,Other UK Airports,NORWICH,120258,530328,-77.323844866,120258,530328,-77.323844866,0,0,
4/16/2021 5:12:43 PM,2020,2019,1,3,Other UK Airports,OXFORD (KIDLINGTON),514,0,,514,0,,0,0,
4/16/2021 5:12:43 PM,2020,2019,1,3,Other UK Airports,PRESTWICK,90790,640055,-85.815281499,90608,638975,-85.819789507,182,1080,-83.148148148
4/16/2021 5:12:43 PM,2020,2019,1,3,Other UK Airports,SCATSTA,35624,109480,-67.460723420,35624,109480,-67.460723420,0,0,
4/16/2021 5:12:43 PM,2020,2019,1,3,Other UK Airports,SOUTHAMPTON,296161,1781457,-83.375349503,296094,1781308,-83.377720192,67,149,-55.033557047
4/16/2021 5:12:43 PM,2020,2019,1,3,Other UK Airports,STORNOWAY,44387,131441,-66.230476031,43093,129500,-66.723552124,1294,1941,-33.333333333
4/16/2021 5:12:43 PM,2020,2019,1,3,Other UK Airports,SUMBURGH,116745,267456,-56.349829505,113951,267420,-57.388751776,2794,36,7661.111111111
4/16/2021 5:12:43 PM,2020,2019,1,3,Other UK Airports,TEESSIDE INTERNATIONAL AIRPORT,38540,150735,-74.431950111,37141,147824,-74.874851174,1399,2911,-51.940913775
4/16/2021 5:12:43 PM,2020,2019,1,3,Other UK Airports,TIREE,5443,12178,-55.304647725,5221,11944,-56.287675820,222,234,-5.128205128
4/16/2021 5:12:43 PM,2020,2019,1,3,Other UK Airports,WICK JOHN O GROATS,1913,13149,-85.451365123,1913,12892,-85.161340366,0,257,
4/16/2021 5:12:43 PM,2020,2019,2,4,Non UK Reporting Airports,ALDERNEY,28048,53155,-47.233562224,28048,53155,-47.233562224,0,0,
4/16/2021 5:12:43 PM,2020,2019,2,4,Non UK Reporting Airports,GUERNSEY,188607,882374,-78.625050149,184503,855396,-78.430691750,4104,26978,-84.787604715
4/16/2021 5:12:43 PM,2020,2019,2,4,Non UK Reporting Airports,ISLE OF MAN,162898,854676,-80.940379746,162898,854676,-80.940379746,0,0,
4/16/2021 5:12:43 PM,2020,2019,2,4,Non UK Reporting Airports,JERSEY,424922,1762949,-75.897090614,420195,1728973,-75.696844312,4727,33976,-86.087238050


3/25/2022 10:53:48 AM,2021,2020,1,1,London Area Airports,GATWICK,6261814,10173431,-38.449339264,6260072,10171867,-38.457001060,1742,1564,11.381074169
3/25/2022 10:53:48 AM,2021,2020,1,1,London Area Airports,HEATHROW,19393886,22111326,-12.289810209,19392178,22109550,-12.290489856,1708,1776,-3.828828829
3/25/2022 10:53:48 AM,2021,2020,1,1,London Area Airports,LONDON CITY,720580,908105,-20.650145082,720580,908105,-20.650145082,0,0,
3/25/2022 10:53:48 AM,2021,2020,1,1,London Area Airports,LUTON,4674800,5550821,-15.781827589,4673656,5550401,-15.796065906,1144,420,172.380952381
3/25/2022 10:53:48 AM,2021,2020,1,1,London Area Airports,SOUTHEND,94367,401143,-76.475471341,94367,401143,-76.475471341,0,0,
3/25/2022 10:53:48 AM,2021,2020,1,1,London Area Airports,STANSTED,7148200,7539689,-5.192375972,7145802,7536869,-5.188719613,2398,2820,-14.964539007
3/25/2022 10:53:48 AM,2021,2020,1,3,Other UK Airports,ABERDEEN,1075639,994077,8.204797013,1075639,994076,8.204905862,0,1,
3/25/2022 10:53:48 AM,2021,2020,1,3,Other UK Airports,BARRA,9956,6156,61.728395062,9954,6140,62.117263844,2,16,-87.500000000
3/25/2022 10:53:48 AM,2021,2020,1,3,Other UK Airports,BELFAST CITY (GEORGE BEST),812424,542547,49.742602945,812397,542523,49.744250474,27,24,12.500000000
3/25/2022 10:53:48 AM,2021,2020,1,3,Other UK Airports,BELFAST INTERNATIONAL,2328276,1747086,33.266250202,2327139,1746951,33.211463859,1137,135,742.222222222
3/25/2022 10:53:48 AM,2021,2020,1,3,Other UK Airports,BENBECULA,24202,14199,70.448623142,20320,12713,59.836387949,3882,1486,161.238223419
3/25/2022 10:53:48 AM,2021,2020,1,3,Other UK Airports,BIGGIN HILL,2612,1845,41.571815718,2612,1845,41.571815718,0,0,
3/25/2022 10:53:48 AM,2021,2020,1,3,Other UK Airports,BIRMINGHAM,2482430,2869582,-13.491581701,2476584,2865845,-13.582765293,5846,3737,56.435643564
3/25/2022 10:53:48 AM,2021,2020,1,3,Other UK Airports,BLACKPOOL,0,11412,,0,11412,,0,0,
3/25/2022 10:53:48 AM,2021,2020,1,3,Other UK Airports,BOURNEMOUTH,200640,175907,14.060270484,200488,175907,13.973861188,152,0,
3/25/2022 10:53:48 AM,2021,2020,1,3,Other UK Airports,BRISTOL,2087772,2194524,-4.864471749,2085745,2192725,-4.878860778,2027,1799,12.673707615
3/25/2022 10:53:48 AM,2021,2020,1,3,Other UK Airports,CAMPBELTOWN,3282,2520,30.238095238,2881,2108,36.669829222,401,412,-2.669902913
3/25/2022 10:53:48 AM,2021,2020,1,3,Other UK Airports,CARDIFF WALES,123825,219984,-43.711815405,122729,219197,-44.009726410,1096,787,39.263024142
3/25/2022 10:53:48 AM,2021,2020,1,3,Other UK Airports,CITY OF DERRY (EGLINTON),73024,80494,-9.280194797,73024,80494,-9.280194797,0,0,
3/25/2022 10:53:48 AM,2021,2020,1,3,Other UK Airports,DONCASTER SHEFFIELD,309512,338829,-8.652447105,309326,338586,-8.641822166,186,243,-23.456790123
3/25/2022 10:53:48 AM,2021,2020,1,3,Other UK Airports,DUNDEE,19658,8647,127.338961490,19658,8647,127.338961490,0,0,
3/25/2022 10:53:48 AM,2021,2020,1,3,Other UK Airports,EAST MIDLANDS INTERNATIONAL,832529,901237,-7.623743810,828224,900832,-8.060104437,4305,405,962.962962963
3/25/2022 10:53:48 AM,2021,2020,1,3,Other UK Airports,EDINBURGH,3024960,3474879,-12.947760195,3023614,3473652,-12.955759529,1346,1227,9.698451508
3/25/2022 10:53:48 AM,2021,2020,1,3,Other UK Airports,EXETER,126854,148251,-14.432954921,126837,147921,-14.253554262,17,330,-94.848484848
3/25/2022 10:53:48 AM,2021,2020,1,3,Other UK Airports,GLASGOW,2072546,1946474,6.476942410,2071008,1944981,6.479600572,1538,1493,3.014065640
3/25/2022 10:53:48 AM,2021,2020,1,3,Other UK Airports,GLOUCESTERSHIRE,0,5,,0,5,,0,0,
3/25/2022 10:53:48 AM,2021,2020,1,3,Other UK Airports,HUMBERSIDE,31534,45273,-30.347005942,31503,45075,-30.109816972,31,198,-84.343434343
3/25/2022 10:53:48 AM,2021,2020,1,3,Other UK Airports,INVERNESS,357584,241167,48.272358988,357141,239987,48.816810911,443,1180,-62.457627119
3/25/2022 10:53:48 AM,2021,2020,1,3,Other UK Airports,ISLAY,12981,8907,45.739306164,12761,8693,46.796272863,220,214,2.803738318
3/25/2022 10:53:48 AM,2021,2020,1,3,Other UK Airports,ISLES OF SCILLY (ST.MARYS),72291,41766,73.085763540,72291,41766,73.085763540,0,0,
3/25/2022 10:53:48 AM,2021,2020,1,3,Other UK Airports,KIRKWALL,85665,61177,40.028115141,75777,54638,38.689190673,9888,6539,51.215782230
3/25/2022 10:53:48 AM,2021,2020,1,3,Other UK Airports,LANDS END (ST JUST),53211,34673,53.465232313,53105,34556,53.678087742,106,117,-9.401709402
3/25/2022 10:53:48 AM,2021,2020,1,3,Other UK Airports,LEEDS BRADFORD,739131,751091,-1.592350328,734830,751048,-2.159382623,4301,43,9902.325581395
3/25/2022 10:53:48 AM,2021,2020,1,3,Other UK Airports,LERWICK (TINGWALL),2300,1227,87.449062755,2300,1227,87.449062755,0,0,
3/25/2022 10:53:48 AM,2021,2020,1,3,Other UK Airports,LIVERPOOL (JOHN LENNON),1165508,1338415,-12.918788268,1165508,1337669,-12.870224248,0,746,
3/25/2022 10:53:48 AM,2021,2020,1,3,Other UK Airports,LYDD,31,0,,31,0,,0,0,
3/25/2022 10:53:48 AM,2021,2020,1,3,Other UK Airports,MANCHESTER,6085103,7034856,-13.500674356,6082905,7029384,-13.464607994,2198,5472,-59.831871345
3/25/2022 10:53:48 AM,2021,2020,1,3,Other UK Airports,NEWCASTLE,1024930,1064274,-3.696792367,1022540,1061146,-3.638142160,2390,3128,-23.593350384
3/25/2022 10:53:48 AM,2021,2020,1,3,Other UK Airports,NEWQUAY,105554,67877,55.507756678,105479,67877,55.397262696,75,0,
3/25/2022 10:53:48 AM,2021,2020,1,3,Other UK Airports,NORWICH,127208,120258,5.779241298,127208,120258,5.779241298,0,0,
3/25/2022 10:53:48 AM,2021,2020,1,3,Other UK Airports,OXFORD (KIDLINGTON),556,514,8.171206226,556,514,8.171206226,0,0,
3/25/2022 10:53:48 AM,2021,2020,1,3,Other UK Airports,PRESTWICK,78069,90790,-14.011455006,77807,90608,-14.127891577,262,182,43.956043956
3/25/2022 10:53:48 AM,2021,2020,1,3,Other UK Airports,SCATSTA,0,35624,,0,35624,,0,0,
3/25/2022 10:53:48 AM,2021,2020,1,3,Other UK Airports,SOUTHAMPTON,263131,296161,-11.152717610,263131,296094,-11.132613292,0,67,
3/25/2022 10:53:48 AM,2021,2020,1,3,Other UK Airports,STORNOWAY,62791,44387,41.462590398,60784,43093,41.053071264,2007,1294,55.100463679
3/25/2022 10:53:48 AM,2021,2020,1,3,Other UK Airports,SUMBURGH,183903,116745,57.525375819,182320,113951,59.998595888,1583,2794,-43.342877595
3/25/2022 10:53:48 AM,2021,2020,1,3,Other UK Airports,TEESSIDE INTERNATIONAL AIRPORT,78520,38540,103.736377789,72151,37141,94.262405428,6369,1399,355.253752680
3/25/2022 10:53:48 AM,2021,2020,1,3,Other UK Airports,TIREE,8387,5443,54.087819217,8196,5221,56.981421184,191,222,-13.963963964
3/25/2022 10:53:48 AM,2021,2020,1,3,Other UK Airports,WICK JOHN O GROATS,18,1913,-99.059069524,0,1913,,18,0,
3/25/2022 10:53:48 AM,2021,2020,2,4,Non UK Reporting Airports,ALDERNEY,41279,28048,47.172703936,41279,28048,47.172703936,0,0,
3/25/2022 10:53:48 AM,2021,2020,2,4,Non UK Reporting Airports,GUERNSEY,250526,188607,32.829640469,250462,184503,35.749554208,64,4104,-98.440545809
3/25/2022 10:53:48 AM,2021,2020,2,4,Non UK Reporting Airports,ISLE OF MAN,182371,162898,11.954106251,182371,162898,11.954106251,0,0,
3/25/2022 10:53:48 AM,2021,2020,2,4,Non UK Reporting Airports,JERSEY,678151,424922,59.594231412,678067,420195,61.369602208,84,4727,-98.222974402


3/20/2023 10:41:59 AM,2022,2021,1,1,London Area Airports,GATWICK,32835381,6261814,424.374901586,32831088,6260072,424.452242722,4293,1742,146.440872560
3/20/2023 10:41:59 AM,2022,2021,1,1,London Area Airports,HEATHROW,61611838,19393886,217.686914319,61596618,19392178,217.636409897,15220,1708,791.100702576
3/20/2023 10:41:59 AM,2022,2021,1,1,London Area Airports,LONDON CITY,3009313,720580,317.623719781,3009313,720580,317.623719781,0,0,
3/20/2023 10:41:59 AM,2022,2021,1,1,London Area Airports,LUTON,13324491,4674800,185.028043980,13322236,4673656,185.049562912,2255,1144,97.115384615
3/20/2023 10:41:59 AM,2022,2021,1,1,London Area Airports,SOUTHEND,89361,94367,-5.304820541,89361,94367,-5.304820541,0,0,
3/20/2023 10:41:59 AM,2022,2021,1,1,London Area Airports,STANSTED,23290097,7148200,225.817646400,23289652,7145802,225.920757390,445,2398,-81.442869058
3/20/2023 10:41:59 AM,2022,2021,1,3,Other UK Airports,ABERDEEN,1960307,1075639,82.245809235,1959883,1075639,82.206390806,424,0,
3/20/2023 10:41:59 AM,2022,2021,1,3,Other UK Airports,BARRA,13102,9956,31.599035757,13102,9954,31.625477195,0,2,
3/20/2023 10:41:59 AM,2022,2021,1,3,Other UK Airports,BELFAST CITY (GEORGE BEST),1655164,812424,103.731549043,1655156,812397,103.737335318,8,27,-70.370370370
3/20/2023 10:41:59 AM,2022,2021,1,3,Other UK Airports,BELFAST INTERNATIONAL,4818214,2328276,106.943420797,4818214,2327139,107.044529785,0,1137,
3/20/2023 10:41:59 AM,2022,2021,1,3,Other UK Airports,BENBECULA,30414,24202,25.667300223,30230,20320,48.769685039,184,3882,-95.260175167
3/20/2023 10:41:59 AM,2022,2021,1,3,Other UK Airports,BIGGIN HILL,4002,2612,53.215926493,4002,2612,53.215926493,0,0,
3/20/2023 10:41:59 AM,2022,2021,1,3,Other UK Airports,BIRMINGHAM,9597485,2482430,286.616541051,9595664,2476584,287.455624360,1821,5846,-68.850496066
3/20/2023 10:41:59 AM,2022,2021,1,3,Other UK Airports,BLACKPOOL,9428,0,,9428,0,,0,0,
3/20/2023 10:41:59 AM,2022,2021,1,3,Other UK Airports,BOURNEMOUTH,734530,200640,266.093500797,734344,200488,266.278280994,186,152,22.368421053
3/20/2023 10:41:59 AM,2022,2021,1,3,Other UK Airports,BRISTOL,7948941,2087772,280.737982883,7945038,2085745,280.920870001,3903,2027,92.550567341
3/20/2023 10:41:59 AM,2022,2021,1,3,Other UK Airports,CAMPBELTOWN,6112,3282,86.227909811,5812,2881,101.735508504,300,401,-25.187032419
3/20/2023 10:41:59 AM,2022,2021,1,3,Other UK Airports,CARDIFF WALES,859805,123825,594.371088229,857397,122729,598.609945490,2408,1096,119.708029197
3/20/2023 10:41:59 AM,2022,2021,1,3,Other UK Airports,CITY OF DERRY (EGLINTON),163379,73024,123.733293164,163379,73024,123.733293164,0,0,
3/20/2023 10:41:59 AM,2022,2021,1,3,Other UK Airports,DONCASTER SHEFFIELD,959963,309512,210.153725865,959321,309326,210.132675559,642,186,245.161290323
3/20/2023 10:41:59 AM,2022,2021,1,3,Other UK Airports,DUNDEE,38451,19658,95.599755825,36882,19658,87.618272459,1569,0,
3/20/2023 10:41:59 AM,2022,2021,1,3,Other UK Airports,EAST MIDLANDS INTERNATIONAL,3186367,832529,282.733454330,3186367,828224,284.722852755,0,4305,
3/20/2023 10:41:59 AM,2022,2021,1,3,Other UK Airports,EDINBURGH,11250211,3024960,271.912719507,11248459,3023614,272.020337252,1752,1346,30.163447251
3/20/2023 10:41:59 AM,2022,2021,1,3,Other UK Airports,EXETER,382223,126854,201.309379286,382198,126837,201.330053533,25,17,47.058823529
3/20/2023 10:41:59 AM,2022,2021,1,3,Other UK Airports,GLASGOW,6517585,2072546,214.472392893,6516029,2071008,214.630798143,1556,1538,1.170351105
3/20/2023 10:41:59 AM,2022,2021,1,3,Other UK Airports,HUMBERSIDE,92465,31534,193.223187670,92280,31503,192.924483383,185,31,496.774193548
3/20/2023 10:41:59 AM,2022,2021,1,3,Other UK Airports,INVERNESS,700012,357584,95.761555327,699982,357141,95.995979179,30,443,-93.227990971
3/20/2023 10:41:59 AM,2022,2021,1,3,Other UK Airports,ISLAY,26268,12981,102.357291426,26148,12761,104.905571664,120,220,-45.454545455
3/20/2023 10:41:59 AM,2022,2021,1,3,Other UK Airports,ISLES OF SCILLY (ST.MARYS),86846,72291,20.133903252,86846,72291,20.133903252,0,0,
3/20/2023 10:41:59 AM,2022,2021,1,3,Other UK Airports,KIRKWALL,133410,85665,55.734547365,123055,75777,62.390962957,10355,9888,4.722896440
3/20/2023 10:41:59 AM,2022,2021,1,3,Other UK Airports,LANDS END (ST JUST),63737,53211,19.781624100,63629,53105,19.817343000,108,106,1.886792453
3/20/2023 10:41:59 AM,2022,2021,1,3,Other UK Airports,LEEDS BRADFORD,3288635,739131,344.932630346,3287968,734830,347.446075963,667,4301,-84.491978610
3/20/2023 10:41:59 AM,2022,2021,1,3,Other UK Airports,LERWICK (TINGWALL),2886,2300,25.478260870,2886,2300,25.478260870,0,0,
3/20/2023 10:41:59 AM,2022,2021,1,3,Other UK Airports,LIVERPOOL (JOHN LENNON),3490844,1165508,199.512658858,3490655,1165508,199.496442753,189,0,
3/20/2023 10:41:59 AM,2022,2021,1,3,Other UK Airports,LYDD,0,31,,0,31,,0,0,
3/20/2023 10:41:59 AM,2022,2021,1,3,Other UK Airports,MANCHESTER,23364471,6085103,283.961799825,23340418,6082905,283.705121155,24053,2198,994.313011829
3/20/2023 10:41:59 AM,2022,2021,1,3,Other UK Airports,NEWCASTLE,4128407,1024930,302.798922853,4127035,1022540,303.606215894,1372,2390,-42.594142259
3/20/2023 10:41:59 AM,2022,2021,1,3,Other UK Airports,NEWQUAY,244675,105554,131.800784433,244674,105479,131.964656472,1,75,-98.666666667
3/20/2023 10:41:59 AM,2022,2021,1,3,Other UK Airports,NORWICH,319040,127208,150.801836362,319040,127208,150.801836362,0,0,
3/20/2023 10:41:59 AM,2022,2021,1,3,Other UK Airports,OXFORD (KIDLINGTON),120,556,-78.417266187,120,556,-78.417266187,0,0,
3/20/2023 10:41:59 AM,2022,2021,1,3,Other UK Airports,PRESTWICK,445211,78069,470.278855884,444433,77807,471.199249425,778,262,196.946564885
3/20/2023 10:41:59 AM,2022,2021,1,3,Other UK Airports,SOUTHAMPTON,631458,263131,139.978565809,631329,263131,139.929540799,129,0,
3/20/2023 10:41:59 AM,2022,2021,1,3,Other UK Airports,STORNOWAY,102331,62791,62.970807918,101121,60784,66.361213477,1210,2007,-39.711011460
3/20/2023 10:41:59 AM,2022,2021,1,3,Other UK Airports,SUMBURGH,247538,183903,34.602480656,246390,182320,35.141509434,1148,1583,-27.479469362
3/20/2023 10:41:59 AM,2022,2021,1,3,Other UK Airports,TEESSIDE INTERNATIONAL AIRPORT,173785,78520,121.325776872,173006,72151,139.783232388,779,6369,-87.768880515
3/20/2023 10:41:59 AM,2022,2021,1,3,Other UK Airports,TIREE,11176,8387,33.253845237,10982,8196,33.992191313,194,191,1.570680628
3/20/2023 10:41:59 AM,2022,2021,1,3,Other UK Airports,WICK JOHN O GROATS,6935,18,38427.777777778,6935,0,,0,18,
3/20/2023 10:41:59 AM,2022,2021,2,4,Non UK Reporting Airports,ALDERNEY,50924,41279,23.365391603,50924,41279,23.365391603,0,0,
3/20/2023 10:41:59 AM,2022,2021,2,4,Non UK Reporting Airports,GUERNSEY,654446,250526,161.228774658,653052,250462,160.738954412,1394,64,2078.125000000
3/20/2023 10:41:59 AM,2022,2021,2,4,Non UK Reporting Airports,ISLE OF MAN,551941,182371,202.647350730,551941,182371,202.647350730,0,0,
3/20/2023 10:41:59 AM,2022,2021,2,4,Non UK Reporting Airports,JERSEY,1336225,678151,97.039449916,1335974,678067,97.026842480,251,84,198.809523810


3/19/2024 1:15:09 PM,2023,2022,1,1,London Area Airports,GATWICK,40897656,32835381,24.553620986,40894242,32831088,24.559508963,3414,4293,-20.475192173
3/19/2024 1:15:09 PM,2023,2022,1,1,London Area Airports,HEATHROW,79180434,61611838,28.514968179,79149042,61596618,28.495759296,31392,15220,106.254927727
3/19/2024 1:15:09 PM,2023,2022,1,1,London Area Airports,LONDON CITY,3429684,3009313,13.969002227,3429684,3009313,13.969002227,0,0,
3/19/2024 1:15:09 PM,2023,2022,1,1,London Area Airports,LUTON,16403784,13324491,23.110023490,16399866,13322236,23.101452339,3918,2255,73.747228381
3/19/2024 1:15:09 PM,2023,2022,1,1,London Area Airports,SOUTHEND,146072,89361,63.462808160,146072,89361,63.462808160,0,0,
3/19/2024 1:15:09 PM,2023,2022,1,1,London Area Airports,STANSTED,27951291,23290097,20.013630686,27951116,23289652,20.015172404,175,445,-60.674157303
3/19/2024 1:15:09 PM,2023,2022,1,3,Other UK Airports,ABERDEEN,2229918,1960307,13.753509017,2229918,1959883,13.778118388,0,424,
3/19/2024 1:15:09 PM,2023,2022,1,3,Other UK Airports,BARRA,12849,13102,-1.931002900,12849,13102,-1.931002900,0,0,
3/19/2024 1:15:09 PM,2023,2022,1,3,Other UK Airports,BELFAST CITY (GEORGE BEST),2115153,1655164,27.791143355,2115153,1655156,27.791761018,0,8,
3/19/2024 1:15:09 PM,2023,2022,1,3,Other UK Airports,BELFAST INTERNATIONAL,5957055,4818214,23.636164770,5956888,4818214,23.632698755,167,0,
3/19/2024 1:15:09 PM,2023,2022,1,3,Other UK Airports,BENBECULA,30779,30414,1.200105215,30660,30230,1.422428052,119,184,-35.326086957
3/19/2024 1:15:09 PM,2023,2022,1,3,Other UK Airports,BIGGIN HILL,6495,4002,62.293853073,6495,4002,62.293853073,0,0,
3/19/2024 1:15:09 PM,2023,2022,1,3,Other UK Airports,BIRMINGHAM,11481365,9622548,19.317305562,11479335,9620727,19.318789526,2030,1821,11.477210324
3/19/2024 1:15:09 PM,2023,2022,1,3,Other UK Airports,BLACKPOOL,14365,9428,52.365294866,14365,9428,52.365294866,0,0,
3/19/2024 1:15:09 PM,2023,2022,1,3,Other UK Airports,BOURNEMOUTH,950206,734530,29.362449457,950028,734344,29.370976000,178,186,-4.301075269
3/19/2024 1:15:09 PM,2023,2022,1,3,Other UK Airports,BRISTOL,9913011,7948941,24.708574387,9911879,7945038,24.755589589,1132,3903,-70.996669229
3/19/2024 1:15:09 PM,2023,2022,1,3,Other UK Airports,CAMPBELTOWN,7120,6112,16.492146597,7082,5812,21.851342051,38,300,-87.333333333
3/19/2024 1:15:09 PM,2023,2022,1,3,Other UK Airports,CARDIFF WALES,838574,859805,-2.469280825,837252,857397,-2.349553357,1322,2408,-45.099667774
3/19/2024 1:15:09 PM,2023,2022,1,3,Other UK Airports,CITY OF DERRY (EGLINTON),154486,163379,-5.443172011,154486,163379,-5.443172011,0,0,
3/19/2024 1:15:09 PM,2023,2022,1,3,Other UK Airports,DONCASTER SHEFFIELD,0,959963,,0,959321,,0,642,
3/19/2024 1:15:09 PM,2023,2022,1,3,Other UK Airports,DUNDEE,38508,38451,0.148240618,32862,36882,-10.899625834,5646,1569,259.847036329
3/19/2024 1:15:09 PM,2023,2022,1,3,Other UK Airports,EAST MIDLANDS INTERNATIONAL,3932497,3186367,23.416323355,3932497,3186367,23.416323355,0,0,
3/19/2024 1:15:09 PM,2023,2022,1,3,Other UK Airports,EDINBURGH,14396794,11250211,27.969102091,14395463,11248459,27.977201144,1331,1752,-24.029680365
3/19/2024 1:15:09 PM,2023,2022,1,3,Other UK Airports,EXETER,433067,382223,13.302182234,433067,382198,13.309593457,0,25,
3/19/2024 1:15:09 PM,2023,2022,1,3,Other UK Airports,FARNBOROUGH,38827,0,,38827,0,,0,0,
3/19/2024 1:15:09 PM,2023,2022,1,3,Other UK Airports,GLASGOW,7358828,6517585,12.907280841,7355987,6516029,12.890642445,2841,1556,82.583547558
3/19/2024 1:15:09 PM,2023,2022,1,3,Other UK Airports,HUMBERSIDE,136976,92465,48.138214460,136976,92280,48.435197226,0,185,
3/19/2024 1:15:09 PM,2023,2022,1,3,Other UK Airports,INVERNESS,802338,700012,14.617749410,801338,699982,14.479800909,1000,30,3233.333333333
3/19/2024 1:15:09 PM,2023,2022,1,3,Other UK Airports,ISLAY,28982,26268,10.331962845,28926,26148,10.624139514,56,120,-53.333333333
3/19/2024 1:15:09 PM,2023,2022,1,3,Other UK Airports,ISLES OF SCILLY (ST.MARYS),69404,86846,-20.083826544,69404,86846,-20.083826544,0,0,
3/19/2024 1:15:09 PM,2023,2022,1,3,Other UK Airports,KIRKWALL,143093,133410,7.258076606,134123,123055,8.994352119,8970,10355,-13.375181072
3/19/2024 1:15:09 PM,2023,2022,1,3,Other UK Airports,LANDS END (ST JUST),54517,63737,-14.465694965,54336,63629,-14.604975719,181,108,67.592592593
3/19/2024 1:15:09 PM,2023,2022,1,3,Other UK Airports,LEEDS BRADFORD,3989405,3288635,21.308840902,3989405,3287968,21.333449717,0,667,
3/19/2024 1:15:09 PM,2023,2022,1,3,Other UK Airports,LERWICK (TINGWALL),2913,2886,0.935550936,2913,2886,0.935550936,0,0,
3/19/2024 1:15:09 PM,2023,2022,1,3,Other UK Airports,LIVERPOOL (JOHN LENNON),4193623,3490844,20.132065483,4193076,3490655,20.122899570,547,189,189.417989418
3/19/2024 1:15:09 PM,2023,2022,1,3,Other UK Airports,LYDD,7,0,,7,0,,0,0,
3/19/2024 1:15:09 PM,2023,2022,1,3,Other UK Airports,MANCHESTER,28096783,23364471,20.254308347,28077659,23340418,20.296298892,19124,24053,-20.492246289
3/19/2024 1:15:09 PM,2023,2022,1,3,Other UK Airports,NEWCASTLE,4819969,4128407,16.751303832,4818885,4127035,16.763851046,1084,1372,-20.991253644
3/19/2024 1:15:09 PM,2023,2022,1,3,Other UK Airports,NEWQUAY,408870,244675,67.107387351,408860,244674,67.103983259,10,1,900.000000000
3/19/2024 1:15:09 PM,2023,2022,1,3,Other UK Airports,NORWICH,357852,319040,12.165245737,357852,319040,12.165245737,0,0,
3/19/2024 1:15:09 PM,2023,2022,1,3,Other UK Airports,OXFORD (KIDLINGTON),2,120,-98.333333333,2,120,-98.333333333,0,0,
3/19/2024 1:15:09 PM,2023,2022,1,3,Other UK Airports,PRESTWICK,524880,445211,17.894661183,523949,444433,17.891560708,931,778,19.665809769
3/19/2024 1:15:09 PM,2023,2022,1,3,Other UK Airports,SOUTHAMPTON,754931,631458,19.553636188,754678,631329,19.537990493,253,129,96.124031008
3/19/2024 1:15:09 PM,2023,2022,1,3,Other UK Airports,STORNOWAY,106237,102331,3.817025144,105256,101121,4.089160511,981,1210,-18.925619835
3/19/2024 1:15:09 PM,2023,2022,1,3,Other UK Airports,SUMBURGH,259068,247538,4.657870711,258478,246390,4.906043265,590,1148,-48.606271777
3/19/2024 1:15:09 PM,2023,2022,1,3,Other UK Airports,TEESSIDE INTERNATIONAL AIRPORT,226557,173785,30.366257157,226326,173006,30.819740356,231,779,-70.346598203
3/19/2024 1:15:09 PM,2023,2022,1,3,Other UK Airports,TIREE,11898,11176,6.460272011,11707,10982,6.601711892,191,194,-1.546391753
3/19/2024 1:15:09 PM,2023,2022,1,3,Other UK Airports,WICK JOHN O GROATS,10719,6935,54.563806777,10719,6935,54.563806777,0,0,
3/19/2024 1:15:09 PM,2023,2022,2,4,Non UK Reporting Airports,ALDERNEY,49546,50924,-2.705993245,49546,50924,-2.705993245,0,0,
3/19/2024 1:15:09 PM,2023,2022,2,4,Non UK Reporting Airports,GUERNSEY,694958,654446,6.190273911,694129,653052,6.290004471,829,1394,-40.530846485
3/19/2024 1:15:09 PM,2023,2022,2,4,Non UK Reporting Airports,ISLE OF MAN,638619,551941,15.704214762,638619,551941,15.704214762,0,0,
3/19/2024 1:15:09 PM,2023,2022,2,4,Non UK Reporting Airports,JERSEY,1468820,1336225,9.923104268,1468802,1335974,9.942409059,18,251,-92.828685259


3/14/2025 11:37:31 AM,2024,2023,1,1,London Area Airports,GATWICK,43249282,40897656,5.750026358,43242155,40894242,5.741426874,7127,3414,108.758055067
3/14/2025 11:37:31 AM,2024,2023,1,1,London Area Airports,HEATHROW,83882140,79180434,5.937964422,83857297,79149042,5.948593793,24843,31392,-20.862003058
3/14/2025 11:37:31 AM,2024,2023,1,1,London Area Airports,LONDON CITY,3573250,3429684,4.185983315,3573250,3429684,4.185983315,0,0,
3/14/2025 11:37:31 AM,2024,2023,1,1,London Area Airports,LUTON,16939902,16403784,3.268258104,16937118,16399866,3.275953596,2784,3918,-28.943338438
3/14/2025 11:37:31 AM,2024,2023,1,1,London Area Airports,SOUTHEND,287758,146072,96.997371159,287758,146072,96.997371159,0,0,
3/14/2025 11:37:31 AM,2024,2023,1,1,London Area Airports,STANSTED,29694316,27951291,6.235937367,29694312,27951116,6.236588192,4,175,-97.714285714
3/14/2025 11:37:31 AM,2024,2023,1,3,Other UK Airports,ABERDEEN,2300657,2229918,3.172269115,2300657,2229918,3.172269115,0,0,
3/14/2025 11:37:31 AM,2024,2023,1,3,Other UK Airports,BARRA,11064,12849,-13.892131683,11057,12849,-13.946610631,7,0,
3/14/2025 11:37:31 AM,2024,2023,1,3,Other UK Airports,BELFAST CITY (GEORGE BEST),2391124,2115153,13.047330382,2391042,2115153,13.043453594,82,0,
3/14/2025 11:37:31 AM,2024,2023,1,3,Other UK Airports,BELFAST INTERNATIONAL,6750440,5957055,13.318409852,6750440,5956888,13.321586708,0,167,
3/14/2025 11:37:31 AM,2024,2023,1,3,Other UK Airports,BENBECULA,26494,30779,-13.921829819,26471,30660,-13.662752772,23,119,-80.672268908
3/14/2025 11:37:31 AM,2024,2023,1,3,Other UK Airports,BIGGIN HILL,8353,6495,28.606620477,8353,6495,28.606620477,0,0,
3/14/2025 11:37:31 AM,2024,2023,1,3,Other UK Airports,BIRMINGHAM,12848201,11481365,11.904821421,12847682,11479335,11.920089448,519,2030,-74.433497537
3/14/2025 11:37:31 AM,2024,2023,1,3,Other UK Airports,BLACKPOOL,18729,14365,30.379394361,18729,14365,30.379394361,0,0,
3/14/2025 11:37:31 AM,2024,2023,1,3,Other UK Airports,BOURNEMOUTH,1088370,950206,14.540425971,1088370,950028,14.561886597,0,178,
3/14/2025 11:37:31 AM,2024,2023,1,3,Other UK Airports,BRISTOL,10615864,9913011,7.090207002,10614415,9911879,7.087818566,1449,1132,28.003533569
3/14/2025 11:37:31 AM,2024,2023,1,3,Other UK Airports,CAMPBELTOWN,7028,7120,-1.292134831,7007,7082,-1.059022875,21,38,-44.736842105
3/14/2025 11:37:31 AM,2024,2023,1,3,Other UK Airports,CARDIFF WALES,875651,838574,4.421434483,874714,837252,4.474399583,937,1322,-29.122541604
3/14/2025 11:37:31 AM,2024,2023,1,3,Other UK Airports,CITY OF DERRY (EGLINTON),179095,154486,15.929598799,179095,154486,15.929598799,0,0,
3/14/2025 11:37:31 AM,2024,2023,1,3,Other UK Airports,DUNDEE,36071,38508,-6.328555105,30355,32862,-7.628872254,5716,5646,1.239815799
3/14/2025 11:37:31 AM,2024,2023,1,3,Other UK Airports,EAST MIDLANDS INTERNATIONAL,4133398,3932497,5.108738799,4133198,3932497,5.103652972,200,0,
3/14/2025 11:37:31 AM,2024,2023,1,3,Other UK Airports,EDINBURGH,15780353,14396794,9.610188213,15779491,14395463,9.614334739,862,1331,-35.236664162
3/14/2025 11:37:31 AM,2024,2023,1,3,Other UK Airports,EXETER,449722,433067,3.845825242,449722,433067,3.845825242,0,0,
3/14/2025 11:37:31 AM,2024,2023,1,3,Other UK Airports,FARNBOROUGH,38342,38827,-1.249130760,38342,38827,-1.249130760,0,0,
3/14/2025 11:37:31 AM,2024,2023,1,3,Other UK Airports,GLASGOW,8067685,7358828,9.632743149,8064791,7355987,9.635742967,2894,2841,1.865540303
3/14/2025 11:37:31 AM,2024,2023,1,3,Other UK Airports,HUMBERSIDE,150615,136976,9.957218783,150615,136976,9.957218783,0,0,
3/14/2025 11:37:31 AM,2024,2023,1,3,Other UK Airports,INVERNESS,797059,802338,-0.657952135,796408,801338,-0.615221043,651,1000,-34.900000000
3/14/2025 11:37:31 AM,2024,2023,1,3,Other UK Airports,ISLAY,30535,28982,5.358498378,30535,28926,5.562469750,0,56,
3/14/2025 11:37:31 AM,2024,2023,1,3,Other UK Airports,ISLES OF SCILLY (ST.MARYS),68086,69404,-1.899025993,68086,69404,-1.899025993,0,0,
3/14/2025 11:37:31 AM,2024,2023,1,3,Other UK Airports,KIRKWALL,149503,143093,4.479604174,135580,134123,1.086316292,13923,8970,55.217391304
3/14/2025 11:37:31 AM,2024,2023,1,3,Other UK Airports,LANDS END (ST JUST),49671,54517,-8.888970413,49580,54336,-8.752944641,91,181,-49.723756906
3/14/2025 11:37:31 AM,2024,2023,1,3,Other UK Airports,LEEDS BRADFORD,4222487,3989405,5.842525389,4222256,3989405,5.836735052,231,0,
3/14/2025 11:37:31 AM,2024,2023,1,3,Other UK Airports,LERWICK (TINGWALL),2840,2913,-2.506007552,2840,2913,-2.506007552,0,0,
3/14/2025 11:37:31 AM,2024,2023,1,3,Other UK Airports,LIVERPOOL (JOHN LENNON),5074266,4193623,20.999574831,5074088,4193076,21.011114514,178,547,-67.458866545
3/14/2025 11:37:31 AM,2024,2023,1,3,Other UK Airports,LYDD,5,7,-28.571428571,5,7,-28.571428571,0,0,
3/14/2025 11:37:31 AM,2024,2023,1,3,Other UK Airports,MANCHESTER,30789056,28096783,9.582139706,30755578,28077659,9.537543710,33478,19124,75.057519347
3/14/2025 11:37:31 AM,2024,2023,1,3,Other UK Airports,NEWCASTLE,5143412,4819969,6.710478843,5142738,4818885,6.720496546,674,1084,-37.822878229
3/14/2025 11:37:31 AM,2024,2023,1,3,Other UK Airports,NEWQUAY,415989,408870,1.741140216,415989,408860,1.743628626,0,10,
3/14/2025 11:37:31 AM,2024,2023,1,3,Other UK Airports,NORWICH,415099,357852,15.997395571,415099,357852,15.997395571,0,0,
3/14/2025 11:37:31 AM,2024,2023,1,3,Other UK Airports,OXFORD (KIDLINGTON),2,2,(None),2,2,(None),0,0,
3/14/2025 11:37:31 AM,2024,2023,1,3,Other UK Airports,PRESTWICK,535570,524880,2.036655998,535101,523949,2.128451433,469,931,-49.624060150
3/14/2025 11:37:31 AM,2024,2023,1,3,Other UK Airports,SOUTHAMPTON,852727,754931,12.954296485,852501,754678,12.962216999,226,253,-10.671936759
3/14/2025 11:37:31 AM,2024,2023,1,3,Other UK Airports,STORNOWAY,100988,106237,-4.940839820,100807,105256,-4.226837425,181,981,-81.549439348
3/14/2025 11:37:31 AM,2024,2023,1,3,Other UK Airports,SUMBURGH,289724,259068,11.833186654,287211,258478,11.116226526,2513,590,325.932203390
3/14/2025 11:37:31 AM,2024,2023,1,3,Other UK Airports,TEESSIDE INTERNATIONAL AIRPORT,228126,226557,0.692540950,227784,226326,0.644203494,342,231,48.051948052
3/14/2025 11:37:31 AM,2024,2023,1,3,Other UK Airports,TIREE,10026,11898,-15.733736762,9829,11707,-16.041684462,197,191,3.141361257
3/14/2025 11:37:31 AM,2024,2023,1,3,Other UK Airports,WICK JOHN O GROATS,9963,10719,-7.052896725,9963,10719,-7.052896725,0,0,
3/14/2025 11:37:31 AM,2024,2023,2,4,Non UK Reporting Airports,ALDERNEY,47736,49546,-3.653170791,47736,49546,-3.653170791,0,0,
3/14/2025 11:37:31 AM,2024,2023,2,4,Non UK Reporting Airports,GUERNSEY,684554,694958,-1.497068888,683782,694129,-1.490645111,772,829,-6.875753920
3/14/2025 11:37:31 AM,2024,2023,2,4,Non UK Reporting Airports,ISLE OF MAN,639138,638619,0.081269114,639138,638619,0.081269114,0,0,
3/14/2025 11:37:31 AM,2024,2023,2,4,Non UK Reporting Airports,JERSEY,1469946,1468820,0.076660176,1469806,1468802,0.068355027,140,18,677.777777778

